<?xml version="1.0" encoding="UTF-8"?>
<!DOCTYPE mapper PUBLIC "-//mybatis.org//DTD Mapper 3.0//EN" "http://mybatis.org/dtd/mybatis-3-mapper.dtd">

<mapper namespace="com.example.modules.sys.dao.SysNoticeDao">

	<!-- 可根据自己的需求，是否要使用 -->
    <resultMap type="com.example.modules.sys.entity.SysNoticeEntity" id="sysNoticeMap">
        <result property="id" column="id"/>
        <result property="noticeTitle" column="notice_title"/>
        <result property="noticeType" column="notice_type"/>
        <result property="noticeContent" column="notice_content"/>
        <result property="status" column="status"/>
        <result property="createUser" column="create_user"/>
        <result property="createTime" column="create_time"/>
        <result property="opUser" column="op_user"/>
        <result property="opTime" column="op_time"/>
        <result property="lastVer" column="last_ver"/>
        <result property="remark" column="remark"/>
    </resultMap>


</mapper>