<?xml version="1.0" encoding="UTF-8"?>
<!DOCTYPE mapper PUBLIC "-//mybatis.org//DTD Mapper 3.0//EN" "http://mybatis.org/dtd/mybatis-3-mapper.dtd">

<mapper namespace="com.example.modules.front.dao.FollowDao">

	<!-- 可根据自己的需求，是否要使用 -->
    <resultMap type="com.example.modules.front.entity.FollowEntity" id="followMap">
        <result property="id" column="id"/>
        <result property="fromUserId" column="from_user_id"/>
        <result property="toUserId" column="to_user_id"/>
        <result property="isValid" column="is_valid"/>
        <result property="createUser" column="create_user"/>
        <result property="createTime" column="create_time"/>
        <result property="opUser" column="op_user"/>
        <result property="opTime" column="op_time"/>
        <result property="lastVer" column="last_ver"/>
    </resultMap>


</mapper>