<?xml version="1.0" encoding="UTF-8"?>
<!DOCTYPE mapper PUBLIC "-//mybatis.org//DTD Mapper 3.0//EN" "http://mybatis.org/dtd/mybatis-3-mapper.dtd">

<mapper namespace="com.example.modules.front.dao.SysDiskDao">

	<!-- 可根据自己的需求，是否要使用 -->
    <resultMap type="com.example.modules.front.entity.SysDiskEntity" id="sysDiskMap">
        <result property="id" column="id"/>
        <result property="companyName" column="company_name"/>
        <result property="companyId" column="company_id"/>
        <result property="name" column="name"/>
        <result property="isValid" column="is_valid"/>
        <result property="createUser" column="create_user"/>
        <result property="createTime" column="create_time"/>
    </resultMap>


</mapper>